{"cameraMode":{"drawMode":0,"name":"Shaded","section":"Shading Mode"},"sceneLighting":true,"audioPlay":false,"sceneViewState":{"m_AlwaysRefresh":false,"showFog":true,"showSkybox":true,"showFlares":true,"showImageEffects":true,"showParticleSystems":true,"showVisualEffectGraphs":true,"m_FxEnabled":true},"in2DMode":false,"pivot":{"x":10.405780792236329,"y":-16.877424240112306,"z":31.493499755859376},"rotation":{"x":0.2618124485015869,"y":0.001447423011995852,"z":-0.00039263282087631524,"w":0.9651273488998413},"size":22.30529022216797,"orthographic":false}