{"cameraMode":{"drawMode":0,"name":"Shaded","section":"Shading Mode"},"sceneLighting":true,"audioPlay":false,"sceneViewState":{"m_AlwaysRefresh":false,"showFog":true,"showSkybox":false,"showFlares":true,"showImageEffects":true,"showParticleSystems":true,"showVisualEffectGraphs":true,"m_FxEnabled":true},"in2DMode":false,"pivot":{"x":3.3999996185302736,"y":8.97000503540039,"z":-0.04000091552734375},"rotation":{"x":0.2493216097354889,"y":-0.012215344235301018,"z":0.0031480672769248487,"w":0.968346118927002},"size":30.310888290405275,"orthographic":false}